clause_text,proposed_label,topic,state,document_style,reasoning
"The Licensee shall pay to the Licensor a sum of Rs. 60,000 as security deposit, which shall be interest-free and refundable in full to the Licensee within fifteen days of vacating the Licensed Premises, less any deductions for damage beyond normal wear and tear.",GREEN,security_deposit,Maharashtra,Leave and License Agreement,"Standard refundable deposit with a bounded, reasonable deduction basis."
"The security deposit of Rs. 60,000 paid by the Licensee shall be refunded by the Licensor only after adjustment of any outstanding electricity, water, and maintenance dues in respect of the Licensed Premises, and the refund may be delayed until such accounts are finally settled by the concerned authorities.",YELLOW,security_deposit,Maharashtra,Leave and License Agreement,"Refund is conditional and open-ended in timing, though the basis (settling genuine dues) is legitimate - worth a tenant's attention, not alarming."
"The Tenant shall pay to the Landlord a sum of Rs. 60,000 as security deposit, which shall be interest-free and refundable in full to the Tenant within fifteen days of vacating the premises, less any deductions for damage beyond normal wear and tear.",GREEN,security_deposit,Delhi,Rent Agreement,"Standard refundable deposit with a bounded, reasonable deduction basis."
"The security deposit of Rs. 60,000 paid by the Tenant shall be refunded by the Landlord only after adjustment of any outstanding electricity, water, and maintenance dues in respect of the premises, and the refund may be delayed until such accounts are finally settled by the concerned authorities.",YELLOW,security_deposit,Delhi,Rent Agreement,"Refund is conditional and open-ended in timing, though the basis (settling genuine dues) is legitimate - worth a tenant's attention, not alarming."
"The Tenant shall pay to the Owner a sum of Rs. 60,000 as security deposit, which shall be interest-free and refundable in full to the Tenant within fifteen days of vacating the rented premises, less any deductions for damage beyond normal wear and tear.",GREEN,security_deposit,Karnataka,Rental Agreement,"Standard refundable deposit with a bounded, reasonable deduction basis."
"The security deposit of Rs. 60,000 paid by the Tenant shall be refunded by the Owner only after adjustment of any outstanding electricity, water, and maintenance dues in respect of the rented premises, and the refund may be delayed until such accounts are finally settled by the concerned authorities.",YELLOW,security_deposit,Karnataka,Rental Agreement,"Refund is conditional and open-ended in timing, though the basis (settling genuine dues) is legitimate - worth a tenant's attention, not alarming."
"The Lessee shall pay to the Lessor a sum of Rs. 60,000 as security deposit, which shall be interest-free and refundable in full to the Lessee within fifteen days of vacating the demised premises, less any deductions for damage beyond normal wear and tear.",GREEN,security_deposit,Tamil Nadu,Lease Deed,"Standard refundable deposit with a bounded, reasonable deduction basis."
"The security deposit of Rs. 60,000 paid by the Lessee shall be refunded by the Lessor only after adjustment of any outstanding electricity, water, and maintenance dues in respect of the demised premises, and the refund may be delayed until such accounts are finally settled by the concerned authorities.",YELLOW,security_deposit,Tamil Nadu,Lease Deed,"Refund is conditional and open-ended in timing, though the basis (settling genuine dues) is legitimate - worth a tenant's attention, not alarming."
"The Lessee shall pay to the Lessor a sum of Rs. 60,000 as security deposit, which shall be interest-free and refundable in full to the Lessee within fifteen days of vacating the said property, less any deductions for damage beyond normal wear and tear.",GREEN,security_deposit,West Bengal,Deed of Lease,"Standard refundable deposit with a bounded, reasonable deduction basis."
"The security deposit of Rs. 60,000 paid by the Lessee shall be refunded by the Lessor only after adjustment of any outstanding electricity, water, and maintenance dues in respect of the said property, and the refund may be delayed until such accounts are finally settled by the concerned authorities.",YELLOW,security_deposit,West Bengal,Deed of Lease,"Refund is conditional and open-ended in timing, though the basis (settling genuine dues) is legitimate - worth a tenant's attention, not alarming."
"The security deposit paid by the Licensee in respect of the Licensed Premises shall stand forfeited in its entirety under any circumstances whatsoever, and the Licensee shall have no claim whatsoever to its refund, whether or not the Licensee is in breach of this Agreement.",RED,security_deposit,Maharashtra,Leave and License Agreement,"Explicit, unconditional forfeiture regardless of fault - carries obvious alarm-word phrasing (""under any circumstances"", ""no claim whatsoever"")."
"The security deposit paid by the Tenant in respect of the premises shall stand forfeited in its entirety under any circumstances whatsoever, and the Tenant shall have no claim whatsoever to its refund, whether or not the Tenant is in breach of this Agreement.",RED,security_deposit,Delhi,Rent Agreement,"Explicit, unconditional forfeiture regardless of fault - carries obvious alarm-word phrasing (""under any circumstances"", ""no claim whatsoever"")."
"The security deposit paid by the Tenant in respect of the rented premises shall stand forfeited in its entirety under any circumstances whatsoever, and the Tenant shall have no claim whatsoever to its refund, whether or not the Tenant is in breach of this Agreement.",RED,security_deposit,Karnataka,Rental Agreement,"Explicit, unconditional forfeiture regardless of fault - carries obvious alarm-word phrasing (""under any circumstances"", ""no claim whatsoever"")."
"The security deposit shall be adjusted towards the last three months' rent and shall not otherwise be refunded in cash to the Lessee, and any repainting, deep-cleaning, and fumigation charges as assessed solely by the Lessor in respect of the demised premises shall be deducted from the deposit before such adjustment.",RED,security_deposit,Tamil Nadu,Lease Deed,"Reads as routine deposit-handling, but forecloses any cash refund and lets the landlord unilaterally set deduction amounts with no cap or dispute route - one-sided despite the administrative tone."
"The security deposit shall be adjusted towards the last three months' rent and shall not otherwise be refunded in cash to the Lessee, and any repainting, deep-cleaning, and fumigation charges as assessed solely by the Lessor in respect of the said property shall be deducted from the deposit before such adjustment.",RED,security_deposit,West Bengal,Deed of Lease,"Reads as routine deposit-handling, but forecloses any cash refund and lets the landlord unilaterally set deduction amounts with no cap or dispute route - one-sided despite the administrative tone."
"The security deposit shall be equivalent to two months' rent, and the Licensor shall provide the Licensee with an itemised statement of any deductions within seven days of the Licensee vacating the Licensed Premises.",GREEN,security_deposit,Maharashtra,Leave and License Agreement,Reasonable deposit amount with a transparency obligation on the landlord.
"The security deposit shall be refunded within one month of the Licensee vacating the Licensed Premises; delays beyond this period, if any, shall not carry any interest or penalty payable by the Licensor.",YELLOW,security_deposit,Maharashtra,Leave and License Agreement,"No penalty for the landlord's own delay in refunding - a real but moderate imbalance, not a severe one."
"The security deposit shall be treated as fully earned by the Licensor upon signing of this Agreement and adjusted against the Licensee's obligations in respect of the Licensed Premises hereunder, and no request for part-refund shall be entertained at any stage during the subsistence of this Agreement.",RED,security_deposit,Maharashtra,Leave and License Agreement,"Quietly converts a refundable deposit into a non-refundable sum mid-tenancy, phrased matter-of-factly with no dramatic language."
"The security deposit shall be equivalent to two months' rent, and the Landlord shall provide the Tenant with an itemised statement of any deductions within seven days of the Tenant vacating the premises.",GREEN,security_deposit,Delhi,Rent Agreement,Reasonable deposit amount with a transparency obligation on the landlord.
"The security deposit shall be refunded within one month of the Tenant vacating the premises; delays beyond this period, if any, shall not carry any interest or penalty payable by the Landlord.",YELLOW,security_deposit,Delhi,Rent Agreement,"No penalty for the landlord's own delay in refunding - a real but moderate imbalance, not a severe one."
"The security deposit shall be treated as fully earned by the Landlord upon signing of this Agreement and adjusted against the Tenant's obligations in respect of the premises hereunder, and no request for part-refund shall be entertained at any stage during the subsistence of this Agreement.",RED,security_deposit,Delhi,Rent Agreement,"Quietly converts a refundable deposit into a non-refundable sum mid-tenancy, phrased matter-of-factly with no dramatic language."
"The security deposit shall be equivalent to two months' rent, and the Owner shall provide the Tenant with an itemised statement of any deductions within seven days of the Tenant vacating the rented premises.",GREEN,security_deposit,Karnataka,Rental Agreement,Reasonable deposit amount with a transparency obligation on the landlord.
"The security deposit shall be refunded within one month of the Tenant vacating the rented premises; delays beyond this period, if any, shall not carry any interest or penalty payable by the Owner.",YELLOW,security_deposit,Karnataka,Rental Agreement,"No penalty for the landlord's own delay in refunding - a real but moderate imbalance, not a severe one."
"The security deposit shall be treated as fully earned by the Owner upon signing of this Agreement and adjusted against the Tenant's obligations in respect of the rented premises hereunder, and no request for part-refund shall be entertained at any stage during the subsistence of this Agreement.",RED,security_deposit,Karnataka,Rental Agreement,"Quietly converts a refundable deposit into a non-refundable sum mid-tenancy, phrased matter-of-factly with no dramatic language."
"The security deposit shall be equivalent to two months' rent, and the Lessor shall provide the Lessee with an itemised statement of any deductions within seven days of the Lessee vacating the demised premises.",GREEN,security_deposit,Tamil Nadu,Lease Deed,Reasonable deposit amount with a transparency obligation on the landlord.
"The security deposit shall be refunded within one month of the Lessee vacating the demised premises; delays beyond this period, if any, shall not carry any interest or penalty payable by the Lessor.",YELLOW,security_deposit,Tamil Nadu,Lease Deed,"No penalty for the landlord's own delay in refunding - a real but moderate imbalance, not a severe one."
"The security deposit shall be treated as fully earned by the Lessor upon signing of this Agreement and adjusted against the Lessee's obligations in respect of the demised premises hereunder, and no request for part-refund shall be entertained at any stage during the subsistence of this Agreement.",RED,security_deposit,Tamil Nadu,Lease Deed,"Quietly converts a refundable deposit into a non-refundable sum mid-tenancy, phrased matter-of-factly with no dramatic language."
"The security deposit shall be equivalent to two months' rent, and the Lessor shall provide the Lessee with an itemised statement of any deductions within seven days of the Lessee vacating the said property.",GREEN,security_deposit,West Bengal,Deed of Lease,Reasonable deposit amount with a transparency obligation on the landlord.
"The security deposit shall be refunded within one month of the Lessee vacating the said property; delays beyond this period, if any, shall not carry any interest or penalty payable by the Lessor.",YELLOW,security_deposit,West Bengal,Deed of Lease,"No penalty for the landlord's own delay in refunding - a real but moderate imbalance, not a severe one."
"The security deposit shall be treated as fully earned by the Lessor upon signing of this Agreement and adjusted against the Lessee's obligations in respect of the said property hereunder, and no request for part-refund shall be entertained at any stage during the subsistence of this Agreement.",RED,security_deposit,West Bengal,Deed of Lease,"Quietly converts a refundable deposit into a non-refundable sum mid-tenancy, phrased matter-of-factly with no dramatic language."
"Either party desiring to terminate this Agreement in respect of the Licensed Premises shall give the other party two months' prior written notice, and the Agreement shall stand terminated upon expiry of such notice period.",GREEN,notice_period,Maharashtra,Leave and License Agreement,"Symmetric, reasonable notice obligation on both parties."
"The Licensee shall give three months' written notice to the Licensor before vacating the Licensed Premises, whereas the Licensor may terminate this Agreement by giving one month's notice to the Licensee.",YELLOW,notice_period,Maharashtra,Leave and License Agreement,"Asymmetric notice periods favouring the landlord - worth flagging, not severe."
"Either party desiring to terminate this Agreement in respect of the premises shall give the other party two months' prior written notice, and the Agreement shall stand terminated upon expiry of such notice period.",GREEN,notice_period,Delhi,Rent Agreement,"Symmetric, reasonable notice obligation on both parties."
"The Tenant shall give three months' written notice to the Landlord before vacating the premises, whereas the Landlord may terminate this Agreement by giving one month's notice to the Tenant.",YELLOW,notice_period,Delhi,Rent Agreement,"Asymmetric notice periods favouring the landlord - worth flagging, not severe."
"Either party desiring to terminate this Agreement in respect of the rented premises shall give the other party two months' prior written notice, and the Agreement shall stand terminated upon expiry of such notice period.",GREEN,notice_period,Karnataka,Rental Agreement,"Symmetric, reasonable notice obligation on both parties."
"The Tenant shall give three months' written notice to the Owner before vacating the rented premises, whereas the Owner may terminate this Agreement by giving one month's notice to the Tenant.",YELLOW,notice_period,Karnataka,Rental Agreement,"Asymmetric notice periods favouring the landlord - worth flagging, not severe."
"Either party desiring to terminate this Agreement in respect of the demised premises shall give the other party two months' prior written notice, and the Agreement shall stand terminated upon expiry of such notice period.",GREEN,notice_period,Tamil Nadu,Lease Deed,"Symmetric, reasonable notice obligation on both parties."
"The Lessee shall give three months' written notice to the Lessor before vacating the demised premises, whereas the Lessor may terminate this Agreement by giving one month's notice to the Lessee.",YELLOW,notice_period,Tamil Nadu,Lease Deed,"Asymmetric notice periods favouring the landlord - worth flagging, not severe."
"Either party desiring to terminate this Agreement in respect of the said property shall give the other party two months' prior written notice, and the Agreement shall stand terminated upon expiry of such notice period.",GREEN,notice_period,West Bengal,Deed of Lease,"Symmetric, reasonable notice obligation on both parties."
"The Lessee shall give three months' written notice to the Lessor before vacating the said property, whereas the Lessor may terminate this Agreement by giving one month's notice to the Lessee.",YELLOW,notice_period,West Bengal,Deed of Lease,"Asymmetric notice periods favouring the landlord - worth flagging, not severe."
The Landlord may terminate this Agreement and call upon the Tenant to vacate the premises at any time without assigning any reason and without giving any notice whatsoever to the Tenant.,RED,notice_period,Delhi,Rent Agreement,"Explicit no-notice, no-reason termination right - obvious alarm-word phrasing."
The Owner may terminate this Agreement and call upon the Tenant to vacate the rented premises at any time without assigning any reason and without giving any notice whatsoever to the Tenant.,RED,notice_period,Karnataka,Rental Agreement,"Explicit no-notice, no-reason termination right - obvious alarm-word phrasing."
The Lessor may terminate this Agreement and call upon the Lessee to vacate the demised premises at any time without assigning any reason and without giving any notice whatsoever to the Lessee.,RED,notice_period,Tamil Nadu,Lease Deed,"Explicit no-notice, no-reason termination right - obvious alarm-word phrasing."
"Notice of termination by the Lessee shall be deemed effective only from the first day of the following calendar month in which it is received, and any partial month remaining after the Lessee vacates shall not be adjusted or refunded, regardless of when within the month notice was actually served.",RED,notice_period,West Bengal,Deed of Lease,"Buries an unfair proration rule inside an ordinary notice-timing clause - no alarm words, but can cost the tenant nearly a full month's rent unfairly."
"Notice of termination by the Licensee shall be deemed effective only from the first day of the following calendar month in which it is received, and any partial month remaining after the Licensee vacates shall not be adjusted or refunded, regardless of when within the month notice was actually served.",RED,notice_period,Maharashtra,Leave and License Agreement,"Buries an unfair proration rule inside an ordinary notice-timing clause - no alarm words, but can cost the tenant nearly a full month's rent unfairly."
"A notice period of one month shall apply equally to both the Licensor and the Licensee for termination of this Agreement in respect of the Licensed Premises, to be served in writing.",GREEN,notice_period,Maharashtra,Leave and License Agreement,"Equal, short, and written - a fair baseline notice clause."
"The Licensee shall be required to give two months' notice before vacating the Licensed Premises, while the Licensor is not obligated to intimate the Licensee of a decision not to renew the Agreement beyond its stated term.",YELLOW,notice_period,Maharashtra,Leave and License Agreement,"One-sided renewal-notice obligation, but the underlying term is still fixed and known in advance - a moderate imbalance."
"Notice served by the Licensor under this clause shall be deemed duly served if affixed to the main door of the Licensed Premises, and the Licensee's actual receipt of such notice shall not be a condition for its validity or for the running of the notice period.",RED,notice_period,Maharashtra,Leave and License Agreement,Allows constructive notice with no requirement the tenant actually saw it - a genuine one-sided drafting trap with no dramatic wording.
"A notice period of one month shall apply equally to both the Landlord and the Tenant for termination of this Agreement in respect of the premises, to be served in writing.",GREEN,notice_period,Delhi,Rent Agreement,"Equal, short, and written - a fair baseline notice clause."
"The Tenant shall be required to give two months' notice before vacating the premises, while the Landlord is not obligated to intimate the Tenant of a decision not to renew the Agreement beyond its stated term.",YELLOW,notice_period,Delhi,Rent Agreement,"One-sided renewal-notice obligation, but the underlying term is still fixed and known in advance - a moderate imbalance."
"Notice served by the Landlord under this clause shall be deemed duly served if affixed to the main door of the premises, and the Tenant's actual receipt of such notice shall not be a condition for its validity or for the running of the notice period.",RED,notice_period,Delhi,Rent Agreement,Allows constructive notice with no requirement the tenant actually saw it - a genuine one-sided drafting trap with no dramatic wording.
"A notice period of one month shall apply equally to both the Owner and the Tenant for termination of this Agreement in respect of the rented premises, to be served in writing.",GREEN,notice_period,Karnataka,Rental Agreement,"Equal, short, and written - a fair baseline notice clause."
"The Tenant shall be required to give two months' notice before vacating the rented premises, while the Owner is not obligated to intimate the Tenant of a decision not to renew the Agreement beyond its stated term.",YELLOW,notice_period,Karnataka,Rental Agreement,"One-sided renewal-notice obligation, but the underlying term is still fixed and known in advance - a moderate imbalance."
"Notice served by the Owner under this clause shall be deemed duly served if affixed to the main door of the rented premises, and the Tenant's actual receipt of such notice shall not be a condition for its validity or for the running of the notice period.",RED,notice_period,Karnataka,Rental Agreement,Allows constructive notice with no requirement the tenant actually saw it - a genuine one-sided drafting trap with no dramatic wording.
"A notice period of one month shall apply equally to both the Lessor and the Lessee for termination of this Agreement in respect of the demised premises, to be served in writing.",GREEN,notice_period,Tamil Nadu,Lease Deed,"Equal, short, and written - a fair baseline notice clause."
"The Lessee shall be required to give two months' notice before vacating the demised premises, while the Lessor is not obligated to intimate the Lessee of a decision not to renew the Agreement beyond its stated term.",YELLOW,notice_period,Tamil Nadu,Lease Deed,"One-sided renewal-notice obligation, but the underlying term is still fixed and known in advance - a moderate imbalance."
"Notice served by the Lessor under this clause shall be deemed duly served if affixed to the main door of the demised premises, and the Lessee's actual receipt of such notice shall not be a condition for its validity or for the running of the notice period.",RED,notice_period,Tamil Nadu,Lease Deed,Allows constructive notice with no requirement the tenant actually saw it - a genuine one-sided drafting trap with no dramatic wording.
"A notice period of one month shall apply equally to both the Lessor and the Lessee for termination of this Agreement in respect of the said property, to be served in writing.",GREEN,notice_period,West Bengal,Deed of Lease,"Equal, short, and written - a fair baseline notice clause."
"The Lessee shall be required to give two months' notice before vacating the said property, while the Lessor is not obligated to intimate the Lessee of a decision not to renew the Agreement beyond its stated term.",YELLOW,notice_period,West Bengal,Deed of Lease,"One-sided renewal-notice obligation, but the underlying term is still fixed and known in advance - a moderate imbalance."
"Notice served by the Lessor under this clause shall be deemed duly served if affixed to the main door of the said property, and the Lessee's actual receipt of such notice shall not be a condition for its validity or for the running of the notice period.",RED,notice_period,West Bengal,Deed of Lease,Allows constructive notice with no requirement the tenant actually saw it - a genuine one-sided drafting trap with no dramatic wording.
"Minor day-to-day repairs at the Licensed Premises, such as replacement of fuses and minor plumbing fixtures, shall be attended to by the Licensee at the Licensee's own cost, while structural repairs and major maintenance shall be the responsibility of the Licensor.",GREEN,maintenance_responsibility,Maharashtra,Leave and License Agreement,"Standard, fair split between minor tenant upkeep and major landlord repairs."
"The Licensee shall bear the cost of all maintenance and repairs to the Licensed Premises during the term of this Agreement, including those arising from ordinary use, save for repairs necessitated by structural defects existing prior to occupation.",YELLOW,maintenance_responsibility,Maharashtra,Leave and License Agreement,"Shifts most maintenance cost to the tenant beyond the usual minor-repairs norm, though a landlord carve-out for pre-existing defects remains."
"Minor day-to-day repairs at the premises, such as replacement of fuses and minor plumbing fixtures, shall be attended to by the Tenant at the Tenant's own cost, while structural repairs and major maintenance shall be the responsibility of the Landlord.",GREEN,maintenance_responsibility,Delhi,Rent Agreement,"Standard, fair split between minor tenant upkeep and major landlord repairs."
"The Tenant shall bear the cost of all maintenance and repairs to the premises during the term of this Agreement, including those arising from ordinary use, save for repairs necessitated by structural defects existing prior to occupation.",YELLOW,maintenance_responsibility,Delhi,Rent Agreement,"Shifts most maintenance cost to the tenant beyond the usual minor-repairs norm, though a landlord carve-out for pre-existing defects remains."
"Minor day-to-day repairs at the rented premises, such as replacement of fuses and minor plumbing fixtures, shall be attended to by the Tenant at the Tenant's own cost, while structural repairs and major maintenance shall be the responsibility of the Owner.",GREEN,maintenance_responsibility,Karnataka,Rental Agreement,"Standard, fair split between minor tenant upkeep and major landlord repairs."
"The Tenant shall bear the cost of all maintenance and repairs to the rented premises during the term of this Agreement, including those arising from ordinary use, save for repairs necessitated by structural defects existing prior to occupation.",YELLOW,maintenance_responsibility,Karnataka,Rental Agreement,"Shifts most maintenance cost to the tenant beyond the usual minor-repairs norm, though a landlord carve-out for pre-existing defects remains."
"Minor day-to-day repairs at the demised premises, such as replacement of fuses and minor plumbing fixtures, shall be attended to by the Lessee at the Lessee's own cost, while structural repairs and major maintenance shall be the responsibility of the Lessor.",GREEN,maintenance_responsibility,Tamil Nadu,Lease Deed,"Standard, fair split between minor tenant upkeep and major landlord repairs."
"The Lessee shall bear the cost of all maintenance and repairs to the demised premises during the term of this Agreement, including those arising from ordinary use, save for repairs necessitated by structural defects existing prior to occupation.",YELLOW,maintenance_responsibility,Tamil Nadu,Lease Deed,"Shifts most maintenance cost to the tenant beyond the usual minor-repairs norm, though a landlord carve-out for pre-existing defects remains."
"Minor day-to-day repairs at the said property, such as replacement of fuses and minor plumbing fixtures, shall be attended to by the Lessee at the Lessee's own cost, while structural repairs and major maintenance shall be the responsibility of the Lessor.",GREEN,maintenance_responsibility,West Bengal,Deed of Lease,"Standard, fair split between minor tenant upkeep and major landlord repairs."
"The Lessee shall bear the cost of all maintenance and repairs to the said property during the term of this Agreement, including those arising from ordinary use, save for repairs necessitated by structural defects existing prior to occupation.",YELLOW,maintenance_responsibility,West Bengal,Deed of Lease,"Shifts most maintenance cost to the tenant beyond the usual minor-repairs norm, though a landlord carve-out for pre-existing defects remains."
"The Tenant shall be solely and entirely responsible for all repairs and maintenance of the rented premises, including structural repairs, roof and plumbing, regardless of cause, and the Owner shall bear no maintenance liability whatsoever under any circumstances.",RED,maintenance_responsibility,Karnataka,Rental Agreement,Shifts all structural liability to the tenant regardless of cause - obvious alarm-word phrasing.
"The Lessee shall be solely and entirely responsible for all repairs and maintenance of the demised premises, including structural repairs, roof and plumbing, regardless of cause, and the Lessor shall bear no maintenance liability whatsoever under any circumstances.",RED,maintenance_responsibility,Tamil Nadu,Lease Deed,Shifts all structural liability to the tenant regardless of cause - obvious alarm-word phrasing.
"The Lessee shall be solely and entirely responsible for all repairs and maintenance of the said property, including structural repairs, roof and plumbing, regardless of cause, and the Lessor shall bear no maintenance liability whatsoever under any circumstances.",RED,maintenance_responsibility,West Bengal,Deed of Lease,Shifts all structural liability to the tenant regardless of cause - obvious alarm-word phrasing.
"All maintenance requests raised by the Licensee shall first be assessed by the Licensor's appointed contractor, and the Licensee shall bear the full cost of any work so assessed, whether or not the Licensee disputes the necessity or the charges quoted by such contractor.",RED,maintenance_responsibility,Maharashtra,Leave and License Agreement,"Sounds like a routine maintenance-request process, but leaves the tenant no recourse against the landlord's own hand-picked contractor's charges."
"All maintenance requests raised by the Tenant shall first be assessed by the Landlord's appointed contractor, and the Tenant shall bear the full cost of any work so assessed, whether or not the Tenant disputes the necessity or the charges quoted by such contractor.",RED,maintenance_responsibility,Delhi,Rent Agreement,"Sounds like a routine maintenance-request process, but leaves the tenant no recourse against the landlord's own hand-picked contractor's charges."
"The Licensor shall keep the Licensed Premises in a habitable condition and shall be responsible for the repair of the roof, external walls, and drainage system throughout the term of the Agreement.",GREEN,maintenance_responsibility,Maharashtra,Leave and License Agreement,Clear landlord obligation for structural habitability items.
"The Licensee shall promptly notify the Licensor of any repairs required at the Licensed Premises, and the Licensor shall carry out such repairs within a reasonable time; the Licensee may not deduct repair costs from the rent without the Licensor's prior written consent.",YELLOW,maintenance_responsibility,Maharashtra,Leave and License Agreement,"Reasonable process overall, but the tenant has no self-help remedy if the landlord is slow - a moderate, common imbalance."
"Any repair or maintenance carried out by the Licensee at the Licensed Premises, whether or not intimated to the Licensor in advance, shall be deemed to be for the Licensee's own benefit, and no reimbursement or adjustment against rent shall be claimed by the Licensee on this account at any time.",RED,maintenance_responsibility,Maharashtra,Leave and License Agreement,"Forecloses reimbursement entirely, even for the landlord's own structural obligations, phrased as a routine disclaimer with no dramatic language."
"The Landlord shall keep the premises in a habitable condition and shall be responsible for the repair of the roof, external walls, and drainage system throughout the term of the Agreement.",GREEN,maintenance_responsibility,Delhi,Rent Agreement,Clear landlord obligation for structural habitability items.
"The Tenant shall promptly notify the Landlord of any repairs required at the premises, and the Landlord shall carry out such repairs within a reasonable time; the Tenant may not deduct repair costs from the rent without the Landlord's prior written consent.",YELLOW,maintenance_responsibility,Delhi,Rent Agreement,"Reasonable process overall, but the tenant has no self-help remedy if the landlord is slow - a moderate, common imbalance."
"Any repair or maintenance carried out by the Tenant at the premises, whether or not intimated to the Landlord in advance, shall be deemed to be for the Tenant's own benefit, and no reimbursement or adjustment against rent shall be claimed by the Tenant on this account at any time.",RED,maintenance_responsibility,Delhi,Rent Agreement,"Forecloses reimbursement entirely, even for the landlord's own structural obligations, phrased as a routine disclaimer with no dramatic language."
"The Owner shall keep the rented premises in a habitable condition and shall be responsible for the repair of the roof, external walls, and drainage system throughout the term of the Agreement.",GREEN,maintenance_responsibility,Karnataka,Rental Agreement,Clear landlord obligation for structural habitability items.
"The Tenant shall promptly notify the Owner of any repairs required at the rented premises, and the Owner shall carry out such repairs within a reasonable time; the Tenant may not deduct repair costs from the rent without the Owner's prior written consent.",YELLOW,maintenance_responsibility,Karnataka,Rental Agreement,"Reasonable process overall, but the tenant has no self-help remedy if the landlord is slow - a moderate, common imbalance."
"Any repair or maintenance carried out by the Tenant at the rented premises, whether or not intimated to the Owner in advance, shall be deemed to be for the Tenant's own benefit, and no reimbursement or adjustment against rent shall be claimed by the Tenant on this account at any time.",RED,maintenance_responsibility,Karnataka,Rental Agreement,"Forecloses reimbursement entirely, even for the landlord's own structural obligations, phrased as a routine disclaimer with no dramatic language."
"The Lessor shall keep the demised premises in a habitable condition and shall be responsible for the repair of the roof, external walls, and drainage system throughout the term of the Agreement.",GREEN,maintenance_responsibility,Tamil Nadu,Lease Deed,Clear landlord obligation for structural habitability items.
"The Lessee shall promptly notify the Lessor of any repairs required at the demised premises, and the Lessor shall carry out such repairs within a reasonable time; the Lessee may not deduct repair costs from the rent without the Lessor's prior written consent.",YELLOW,maintenance_responsibility,Tamil Nadu,Lease Deed,"Reasonable process overall, but the tenant has no self-help remedy if the landlord is slow - a moderate, common imbalance."
"Any repair or maintenance carried out by the Lessee at the demised premises, whether or not intimated to the Lessor in advance, shall be deemed to be for the Lessee's own benefit, and no reimbursement or adjustment against rent shall be claimed by the Lessee on this account at any time.",RED,maintenance_responsibility,Tamil Nadu,Lease Deed,"Forecloses reimbursement entirely, even for the landlord's own structural obligations, phrased as a routine disclaimer with no dramatic language."
"The Lessor shall keep the said property in a habitable condition and shall be responsible for the repair of the roof, external walls, and drainage system throughout the term of the Agreement.",GREEN,maintenance_responsibility,West Bengal,Deed of Lease,Clear landlord obligation for structural habitability items.
"The Lessee shall promptly notify the Lessor of any repairs required at the said property, and the Lessor shall carry out such repairs within a reasonable time; the Lessee may not deduct repair costs from the rent without the Lessor's prior written consent.",YELLOW,maintenance_responsibility,West Bengal,Deed of Lease,"Reasonable process overall, but the tenant has no self-help remedy if the landlord is slow - a moderate, common imbalance."
"Any repair or maintenance carried out by the Lessee at the said property, whether or not intimated to the Lessor in advance, shall be deemed to be for the Lessee's own benefit, and no reimbursement or adjustment against rent shall be claimed by the Lessee on this account at any time.",RED,maintenance_responsibility,West Bengal,Deed of Lease,"Forecloses reimbursement entirely, even for the landlord's own structural obligations, phrased as a routine disclaimer with no dramatic language."
"The Licensee shall not sublet, assign, or part with possession of the Licensed Premises, in whole or in part, without the prior written consent of the Licensor, such consent not to be unreasonably withheld.",GREEN,subletting,Maharashtra,Leave and License Agreement,Standard consent-based restriction with a reasonableness safeguard.
"The Licensee shall not sublet the Licensed Premises without the Licensor's written permission, and any request for such permission may be granted or refused by the Licensor at its discretion.",YELLOW,subletting,Maharashtra,Leave and License Agreement,No reasonableness safeguard on the landlord's discretion - worth flagging.
"The Tenant shall not sublet, assign, or part with possession of the premises, in whole or in part, without the prior written consent of the Landlord, such consent not to be unreasonably withheld.",GREEN,subletting,Delhi,Rent Agreement,Standard consent-based restriction with a reasonableness safeguard.
"The Tenant shall not sublet the premises without the Landlord's written permission, and any request for such permission may be granted or refused by the Landlord at its discretion.",YELLOW,subletting,Delhi,Rent Agreement,No reasonableness safeguard on the landlord's discretion - worth flagging.
"The Tenant shall not sublet, assign, or part with possession of the rented premises, in whole or in part, without the prior written consent of the Owner, such consent not to be unreasonably withheld.",GREEN,subletting,Karnataka,Rental Agreement,Standard consent-based restriction with a reasonableness safeguard.
"The Tenant shall not sublet the rented premises without the Owner's written permission, and any request for such permission may be granted or refused by the Owner at its discretion.",YELLOW,subletting,Karnataka,Rental Agreement,No reasonableness safeguard on the landlord's discretion - worth flagging.
"The Lessee shall not sublet, assign, or part with possession of the demised premises, in whole or in part, without the prior written consent of the Lessor, such consent not to be unreasonably withheld.",GREEN,subletting,Tamil Nadu,Lease Deed,Standard consent-based restriction with a reasonableness safeguard.
"The Lessee shall not sublet the demised premises without the Lessor's written permission, and any request for such permission may be granted or refused by the Lessor at its discretion.",YELLOW,subletting,Tamil Nadu,Lease Deed,No reasonableness safeguard on the landlord's discretion - worth flagging.
"The Lessee shall not sublet, assign, or part with possession of the said property, in whole or in part, without the prior written consent of the Lessor, such consent not to be unreasonably withheld.",GREEN,subletting,West Bengal,Deed of Lease,Standard consent-based restriction with a reasonableness safeguard.
"The Lessee shall not sublet the said property without the Lessor's written permission, and any request for such permission may be granted or refused by the Lessor at its discretion.",YELLOW,subletting,West Bengal,Deed of Lease,No reasonableness safeguard on the landlord's discretion - worth flagging.
"The Lessee shall have no right whatsoever to sublet, assign, or share possession of the demised premises under any circumstances, and any such act, even if inadvertent, shall entitle the Lessor to terminate this Agreement forthwith and forfeit the entire security deposit without notice.",RED,subletting,Tamil Nadu,Lease Deed,"Absolute prohibition plus an automatic, disproportionate forfeiture penalty even for an inadvertent breach - obvious alarm-word phrasing."
"The Lessee shall have no right whatsoever to sublet, assign, or share possession of the said property under any circumstances, and any such act, even if inadvertent, shall entitle the Lessor to terminate this Agreement forthwith and forfeit the entire security deposit without notice.",RED,subletting,West Bengal,Deed of Lease,"Absolute prohibition plus an automatic, disproportionate forfeiture penalty even for an inadvertent breach - obvious alarm-word phrasing."
"The Licensee shall have no right whatsoever to sublet, assign, or share possession of the Licensed Premises under any circumstances, and any such act, even if inadvertent, shall entitle the Licensor to terminate this Agreement forthwith and forfeit the entire security deposit without notice.",RED,subletting,Maharashtra,Leave and License Agreement,"Absolute prohibition plus an automatic, disproportionate forfeiture penalty even for an inadvertent breach - obvious alarm-word phrasing."
"Any person other than the Tenant named herein found residing at the premises, including a relative or paying guest of the Tenant, shall be deemed an unauthorised sub-letting for all purposes of this Agreement, entitling the Landlord to treat the Agreement as terminated.",RED,subletting,Delhi,Rent Agreement,"Defines subletting broadly enough to capture ordinary family living arrangements, a significant hidden risk framed as a plain definition."
"Any person other than the Tenant named herein found residing at the rented premises, including a relative or paying guest of the Tenant, shall be deemed an unauthorised sub-letting for all purposes of this Agreement, entitling the Owner to treat the Agreement as terminated.",RED,subletting,Karnataka,Rental Agreement,"Defines subletting broadly enough to capture ordinary family living arrangements, a significant hidden risk framed as a plain definition."
"This Agreement may be terminated in respect of the Licensed Premises by mutual written consent of both parties at any time, or automatically upon expiry of its term unless renewed by mutual agreement.",GREEN,termination,Maharashtra,Leave and License Agreement,Balanced termination grounds requiring mutual consent or natural expiry.
"The Licensor may terminate this Agreement in respect of the Licensed Premises prior to expiry of its term only on grounds of non-payment of rent for two consecutive months or a material breach by the Licensee, subject to thirty days' written notice to remedy such breach.",YELLOW,termination,Maharashtra,Leave and License Agreement,"Landlord-only early-termination right, but limited to real breaches with a cure period - a reasonable, common structure."
"This Agreement may be terminated in respect of the premises by mutual written consent of both parties at any time, or automatically upon expiry of its term unless renewed by mutual agreement.",GREEN,termination,Delhi,Rent Agreement,Balanced termination grounds requiring mutual consent or natural expiry.
"The Landlord may terminate this Agreement in respect of the premises prior to expiry of its term only on grounds of non-payment of rent for two consecutive months or a material breach by the Tenant, subject to thirty days' written notice to remedy such breach.",YELLOW,termination,Delhi,Rent Agreement,"Landlord-only early-termination right, but limited to real breaches with a cure period - a reasonable, common structure."
"This Agreement may be terminated in respect of the rented premises by mutual written consent of both parties at any time, or automatically upon expiry of its term unless renewed by mutual agreement.",GREEN,termination,Karnataka,Rental Agreement,Balanced termination grounds requiring mutual consent or natural expiry.
"The Owner may terminate this Agreement in respect of the rented premises prior to expiry of its term only on grounds of non-payment of rent for two consecutive months or a material breach by the Tenant, subject to thirty days' written notice to remedy such breach.",YELLOW,termination,Karnataka,Rental Agreement,"Landlord-only early-termination right, but limited to real breaches with a cure period - a reasonable, common structure."
"This Agreement may be terminated in respect of the demised premises by mutual written consent of both parties at any time, or automatically upon expiry of its term unless renewed by mutual agreement.",GREEN,termination,Tamil Nadu,Lease Deed,Balanced termination grounds requiring mutual consent or natural expiry.
"The Lessor may terminate this Agreement in respect of the demised premises prior to expiry of its term only on grounds of non-payment of rent for two consecutive months or a material breach by the Lessee, subject to thirty days' written notice to remedy such breach.",YELLOW,termination,Tamil Nadu,Lease Deed,"Landlord-only early-termination right, but limited to real breaches with a cure period - a reasonable, common structure."
"This Agreement may be terminated in respect of the said property by mutual written consent of both parties at any time, or automatically upon expiry of its term unless renewed by mutual agreement.",GREEN,termination,West Bengal,Deed of Lease,Balanced termination grounds requiring mutual consent or natural expiry.
"The Lessor may terminate this Agreement in respect of the said property prior to expiry of its term only on grounds of non-payment of rent for two consecutive months or a material breach by the Lessee, subject to thirty days' written notice to remedy such breach.",YELLOW,termination,West Bengal,Deed of Lease,"Landlord-only early-termination right, but limited to real breaches with a cure period - a reasonable, common structure."
"The Lessor reserves the absolute right to terminate this Agreement and re-enter the said property at any time during its term, at the Lessor's sole discretion and without assigning any cause, notwithstanding anything else contained herein.",RED,termination,West Bengal,Deed of Lease,Unrestricted termination and re-entry at sole discretion - obvious alarm-word phrasing.
"The Licensor reserves the absolute right to terminate this Agreement and re-enter the Licensed Premises at any time during its term, at the Licensor's sole discretion and without assigning any cause, notwithstanding anything else contained herein.",RED,termination,Maharashtra,Leave and License Agreement,Unrestricted termination and re-entry at sole discretion - obvious alarm-word phrasing.
"The Landlord reserves the absolute right to terminate this Agreement and re-enter the premises at any time during its term, at the Landlord's sole discretion and without assigning any cause, notwithstanding anything else contained herein.",RED,termination,Delhi,Rent Agreement,Unrestricted termination and re-entry at sole discretion - obvious alarm-word phrasing.
"In the event the Owner requires the rented premises for the Owner's own use, occupation by a family member, or for any renovation or redevelopment purpose, the Owner may call upon the Tenant to vacate within seven days, and this Agreement shall stand terminated upon issuance of such intimation.",RED,termination,Karnataka,Rental Agreement,"Dressed as a common ""owner's use"" clause, but the seven-day window and broad triggers make it a functionally no-notice eviction right."
"In the event the Lessor requires the demised premises for the Lessor's own use, occupation by a family member, or for any renovation or redevelopment purpose, the Lessor may call upon the Lessee to vacate within seven days, and this Agreement shall stand terminated upon issuance of such intimation.",RED,termination,Tamil Nadu,Lease Deed,"Dressed as a common ""owner's use"" clause, but the seven-day window and broad triggers make it a functionally no-notice eviction right."
"Save as otherwise provided herein, this Agreement shall continue for its full term in respect of the Licensed Premises and may not be terminated by either party except in accordance with the notice provisions set out above.",GREEN,termination,Maharashtra,Leave and License Agreement,Anchors termination to the Agreement's own notice terms rather than an open-ended right.
"The Licensor may terminate this Agreement upon sale of the Licensed Premises to a third party, subject to giving the Licensee two months' notice to vacate and a pro-rata refund of any advance rent paid.",YELLOW,termination,Maharashtra,Leave and License Agreement,"A real risk of early termination on sale, but paired with notice and a fair refund - a moderate, disclosed imbalance."
"Non-payment of any amount due under this Agreement, including charges for amenities provided at the Licensed Premises that are not part of the rent, shall be treated as a fundamental breach entitling the Licensor to terminate this Agreement with immediate effect and without recourse to the notice period specified elsewhere in this Agreement.",RED,termination,Maharashtra,Leave and License Agreement,"Quietly carves out an exception that swallows the Agreement's own notice protection, triggered by even minor ancillary non-payment."
"Save as otherwise provided herein, this Agreement shall continue for its full term in respect of the premises and may not be terminated by either party except in accordance with the notice provisions set out above.",GREEN,termination,Delhi,Rent Agreement,Anchors termination to the Agreement's own notice terms rather than an open-ended right.
"The Landlord may terminate this Agreement upon sale of the premises to a third party, subject to giving the Tenant two months' notice to vacate and a pro-rata refund of any advance rent paid.",YELLOW,termination,Delhi,Rent Agreement,"A real risk of early termination on sale, but paired with notice and a fair refund - a moderate, disclosed imbalance."
"Non-payment of any amount due under this Agreement, including charges for amenities provided at the premises that are not part of the rent, shall be treated as a fundamental breach entitling the Landlord to terminate this Agreement with immediate effect and without recourse to the notice period specified elsewhere in this Agreement.",RED,termination,Delhi,Rent Agreement,"Quietly carves out an exception that swallows the Agreement's own notice protection, triggered by even minor ancillary non-payment."
"Save as otherwise provided herein, this Agreement shall continue for its full term in respect of the rented premises and may not be terminated by either party except in accordance with the notice provisions set out above.",GREEN,termination,Karnataka,Rental Agreement,Anchors termination to the Agreement's own notice terms rather than an open-ended right.
"The Owner may terminate this Agreement upon sale of the rented premises to a third party, subject to giving the Tenant two months' notice to vacate and a pro-rata refund of any advance rent paid.",YELLOW,termination,Karnataka,Rental Agreement,"A real risk of early termination on sale, but paired with notice and a fair refund - a moderate, disclosed imbalance."
"Non-payment of any amount due under this Agreement, including charges for amenities provided at the rented premises that are not part of the rent, shall be treated as a fundamental breach entitling the Owner to terminate this Agreement with immediate effect and without recourse to the notice period specified elsewhere in this Agreement.",RED,termination,Karnataka,Rental Agreement,"Quietly carves out an exception that swallows the Agreement's own notice protection, triggered by even minor ancillary non-payment."
"Save as otherwise provided herein, this Agreement shall continue for its full term in respect of the demised premises and may not be terminated by either party except in accordance with the notice provisions set out above.",GREEN,termination,Tamil Nadu,Lease Deed,Anchors termination to the Agreement's own notice terms rather than an open-ended right.
"The Lessor may terminate this Agreement upon sale of the demised premises to a third party, subject to giving the Lessee two months' notice to vacate and a pro-rata refund of any advance rent paid.",YELLOW,termination,Tamil Nadu,Lease Deed,"A real risk of early termination on sale, but paired with notice and a fair refund - a moderate, disclosed imbalance."
"Non-payment of any amount due under this Agreement, including charges for amenities provided at the demised premises that are not part of the rent, shall be treated as a fundamental breach entitling the Lessor to terminate this Agreement with immediate effect and without recourse to the notice period specified elsewhere in this Agreement.",RED,termination,Tamil Nadu,Lease Deed,"Quietly carves out an exception that swallows the Agreement's own notice protection, triggered by even minor ancillary non-payment."
"Save as otherwise provided herein, this Agreement shall continue for its full term in respect of the said property and may not be terminated by either party except in accordance with the notice provisions set out above.",GREEN,termination,West Bengal,Deed of Lease,Anchors termination to the Agreement's own notice terms rather than an open-ended right.
"The Lessor may terminate this Agreement upon sale of the said property to a third party, subject to giving the Lessee two months' notice to vacate and a pro-rata refund of any advance rent paid.",YELLOW,termination,West Bengal,Deed of Lease,"A real risk of early termination on sale, but paired with notice and a fair refund - a moderate, disclosed imbalance."
"Non-payment of any amount due under this Agreement, including charges for amenities provided at the said property that are not part of the rent, shall be treated as a fundamental breach entitling the Lessor to terminate this Agreement with immediate effect and without recourse to the notice period specified elsewhere in this Agreement.",RED,termination,West Bengal,Deed of Lease,"Quietly carves out an exception that swallows the Agreement's own notice protection, triggered by even minor ancillary non-payment."
"The rent payable under this Agreement in respect of the Licensed Premises shall stand enhanced by 5% per annum, computed on the rent payable in the immediately preceding year, and shall be communicated to the Licensee at least one month prior to the date of such enhancement.",GREEN,rent_escalation,Maharashtra,Leave and License Agreement,"Fixed, modest, and disclosed rent escalation - a standard clause."
"The rent for the Licensed Premises shall be subject to an annual increase of up to 10%, the exact percentage to be intimated by the Licensor to the Licensee in writing at the start of each year of the tenancy.",YELLOW,rent_escalation,Maharashtra,Leave and License Agreement,"A wider, landlord-set escalation band year to year - worth flagging, but capped and disclosed."
"The rent payable under this Agreement in respect of the premises shall stand enhanced by 5% per annum, computed on the rent payable in the immediately preceding year, and shall be communicated to the Tenant at least one month prior to the date of such enhancement.",GREEN,rent_escalation,Delhi,Rent Agreement,"Fixed, modest, and disclosed rent escalation - a standard clause."
"The rent for the premises shall be subject to an annual increase of up to 10%, the exact percentage to be intimated by the Landlord to the Tenant in writing at the start of each year of the tenancy.",YELLOW,rent_escalation,Delhi,Rent Agreement,"A wider, landlord-set escalation band year to year - worth flagging, but capped and disclosed."
"The rent payable under this Agreement in respect of the rented premises shall stand enhanced by 5% per annum, computed on the rent payable in the immediately preceding year, and shall be communicated to the Tenant at least one month prior to the date of such enhancement.",GREEN,rent_escalation,Karnataka,Rental Agreement,"Fixed, modest, and disclosed rent escalation - a standard clause."
"The rent for the rented premises shall be subject to an annual increase of up to 10%, the exact percentage to be intimated by the Owner to the Tenant in writing at the start of each year of the tenancy.",YELLOW,rent_escalation,Karnataka,Rental Agreement,"A wider, landlord-set escalation band year to year - worth flagging, but capped and disclosed."
"The rent payable under this Agreement in respect of the demised premises shall stand enhanced by 5% per annum, computed on the rent payable in the immediately preceding year, and shall be communicated to the Lessee at least one month prior to the date of such enhancement.",GREEN,rent_escalation,Tamil Nadu,Lease Deed,"Fixed, modest, and disclosed rent escalation - a standard clause."
"The rent for the demised premises shall be subject to an annual increase of up to 10%, the exact percentage to be intimated by the Lessor to the Lessee in writing at the start of each year of the tenancy.",YELLOW,rent_escalation,Tamil Nadu,Lease Deed,"A wider, landlord-set escalation band year to year - worth flagging, but capped and disclosed."
"The rent payable under this Agreement in respect of the said property shall stand enhanced by 5% per annum, computed on the rent payable in the immediately preceding year, and shall be communicated to the Lessee at least one month prior to the date of such enhancement.",GREEN,rent_escalation,West Bengal,Deed of Lease,"Fixed, modest, and disclosed rent escalation - a standard clause."
"The rent for the said property shall be subject to an annual increase of up to 10%, the exact percentage to be intimated by the Lessor to the Lessee in writing at the start of each year of the tenancy.",YELLOW,rent_escalation,West Bengal,Deed of Lease,"A wider, landlord-set escalation band year to year - worth flagging, but capped and disclosed."
"The Licensor may increase the rent payable under this Agreement in respect of the Licensed Premises at any time and by any amount, at the Licensor's sole and absolute discretion, and the Licensee shall be bound to pay such increased rent from the date so specified, without any right of objection.",RED,rent_escalation,Maharashtra,Leave and License Agreement,"No cap, no notice, and no tenant recourse on the core financial term - obvious alarm-word phrasing (""sole and absolute discretion"")."
"The Landlord may increase the rent payable under this Agreement in respect of the premises at any time and by any amount, at the Landlord's sole and absolute discretion, and the Tenant shall be bound to pay such increased rent from the date so specified, without any right of objection.",RED,rent_escalation,Delhi,Rent Agreement,"No cap, no notice, and no tenant recourse on the core financial term - obvious alarm-word phrasing (""sole and absolute discretion"")."
"The Owner may increase the rent payable under this Agreement in respect of the rented premises at any time and by any amount, at the Owner's sole and absolute discretion, and the Tenant shall be bound to pay such increased rent from the date so specified, without any right of objection.",RED,rent_escalation,Karnataka,Rental Agreement,"No cap, no notice, and no tenant recourse on the core financial term - obvious alarm-word phrasing (""sole and absolute discretion"")."
"The rent shall be revised annually in line with prevailing market rates for comparable premises in the locality as determined by the Lessor, and such revised rent shall be payable by the Lessee in respect of the demised premises from the month following such determination.",RED,rent_escalation,Tamil Nadu,Lease Deed,"""Market rate as determined by the landlord"" has no independent benchmark or cap - effectively unlimited discretion dressed as a market-linked clause."
"The rent shall be revised annually in line with prevailing market rates for comparable premises in the locality as determined by the Lessor, and such revised rent shall be payable by the Lessee in respect of the said property from the month following such determination.",RED,rent_escalation,West Bengal,Deed of Lease,"""Market rate as determined by the landlord"" has no independent benchmark or cap - effectively unlimited discretion dressed as a market-linked clause."
"The rent escalation clause shall not apply to the Licensed Premises during the first year of this Agreement, and thereafter the rent shall increase by a fixed 7% each year for the remaining term.",GREEN,rent_escalation,Maharashtra,Leave and License Agreement,"Predictable, fixed escalation with a first-year grace period."
"Any increase in property tax, cess, or other statutory levy on the Licensed Premises during the term of this Agreement may be passed on to the Licensee as an addition to the rent, subject to the Licensor furnishing documentary proof of such levy.",YELLOW,rent_escalation,Maharashtra,Leave and License Agreement,"Passes a real cost through to the tenant, but only with documentary proof - a moderate, verifiable imbalance."
"In addition to the annual rent increase specified above, the Licensee shall also bear any increase in the Licensor's home loan interest, society charges, or other holding costs associated with the Licensed Premises, as certified solely by the Licensor.",RED,rent_escalation,Maharashtra,Leave and License Agreement,"Extends rent increases to open-ended, landlord-certified ""holding costs"" with no independent verification - functionally unlimited despite the administrative framing."
"The rent escalation clause shall not apply to the premises during the first year of this Agreement, and thereafter the rent shall increase by a fixed 7% each year for the remaining term.",GREEN,rent_escalation,Delhi,Rent Agreement,"Predictable, fixed escalation with a first-year grace period."
"Any increase in property tax, cess, or other statutory levy on the premises during the term of this Agreement may be passed on to the Tenant as an addition to the rent, subject to the Landlord furnishing documentary proof of such levy.",YELLOW,rent_escalation,Delhi,Rent Agreement,"Passes a real cost through to the tenant, but only with documentary proof - a moderate, verifiable imbalance."
"In addition to the annual rent increase specified above, the Tenant shall also bear any increase in the Landlord's home loan interest, society charges, or other holding costs associated with the premises, as certified solely by the Landlord.",RED,rent_escalation,Delhi,Rent Agreement,"Extends rent increases to open-ended, landlord-certified ""holding costs"" with no independent verification - functionally unlimited despite the administrative framing."
"The rent escalation clause shall not apply to the rented premises during the first year of this Agreement, and thereafter the rent shall increase by a fixed 7% each year for the remaining term.",GREEN,rent_escalation,Karnataka,Rental Agreement,"Predictable, fixed escalation with a first-year grace period."
"Any increase in property tax, cess, or other statutory levy on the rented premises during the term of this Agreement may be passed on to the Tenant as an addition to the rent, subject to the Owner furnishing documentary proof of such levy.",YELLOW,rent_escalation,Karnataka,Rental Agreement,"Passes a real cost through to the tenant, but only with documentary proof - a moderate, verifiable imbalance."
"In addition to the annual rent increase specified above, the Tenant shall also bear any increase in the Owner's home loan interest, society charges, or other holding costs associated with the rented premises, as certified solely by the Owner.",RED,rent_escalation,Karnataka,Rental Agreement,"Extends rent increases to open-ended, landlord-certified ""holding costs"" with no independent verification - functionally unlimited despite the administrative framing."
"The rent escalation clause shall not apply to the demised premises during the first year of this Agreement, and thereafter the rent shall increase by a fixed 7% each year for the remaining term.",GREEN,rent_escalation,Tamil Nadu,Lease Deed,"Predictable, fixed escalation with a first-year grace period."
"Any increase in property tax, cess, or other statutory levy on the demised premises during the term of this Agreement may be passed on to the Lessee as an addition to the rent, subject to the Lessor furnishing documentary proof of such levy.",YELLOW,rent_escalation,Tamil Nadu,Lease Deed,"Passes a real cost through to the tenant, but only with documentary proof - a moderate, verifiable imbalance."
"In addition to the annual rent increase specified above, the Lessee shall also bear any increase in the Lessor's home loan interest, society charges, or other holding costs associated with the demised premises, as certified solely by the Lessor.",RED,rent_escalation,Tamil Nadu,Lease Deed,"Extends rent increases to open-ended, landlord-certified ""holding costs"" with no independent verification - functionally unlimited despite the administrative framing."
"The rent escalation clause shall not apply to the said property during the first year of this Agreement, and thereafter the rent shall increase by a fixed 7% each year for the remaining term.",GREEN,rent_escalation,West Bengal,Deed of Lease,"Predictable, fixed escalation with a first-year grace period."
"Any increase in property tax, cess, or other statutory levy on the said property during the term of this Agreement may be passed on to the Lessee as an addition to the rent, subject to the Lessor furnishing documentary proof of such levy.",YELLOW,rent_escalation,West Bengal,Deed of Lease,"Passes a real cost through to the tenant, but only with documentary proof - a moderate, verifiable imbalance."
"In addition to the annual rent increase specified above, the Lessee shall also bear any increase in the Lessor's home loan interest, society charges, or other holding costs associated with the said property, as certified solely by the Lessor.",RED,rent_escalation,West Bengal,Deed of Lease,"Extends rent increases to open-ended, landlord-certified ""holding costs"" with no independent verification - functionally unlimited despite the administrative framing."
"The Licensor or the Licensor's authorised representative may, upon giving twenty-four hours' prior notice to the Licensee, inspect the Licensed Premises at reasonable times during the term of this Agreement.",GREEN,inspection_rights,Maharashtra,Leave and License Agreement,Standard inspection right with advance notice and a reasonableness limit.
"The Licensor may inspect the Licensed Premises periodically to ascertain its condition, and the Licensee shall provide access for such inspection upon reasonable request by the Licensor.",YELLOW,inspection_rights,Maharashtra,Leave and License Agreement,"Vaguer than a fixed notice period, but still framed around reasonableness."
"The Landlord or the Landlord's authorised representative may, upon giving twenty-four hours' prior notice to the Tenant, inspect the premises at reasonable times during the term of this Agreement.",GREEN,inspection_rights,Delhi,Rent Agreement,Standard inspection right with advance notice and a reasonableness limit.
"The Landlord may inspect the premises periodically to ascertain its condition, and the Tenant shall provide access for such inspection upon reasonable request by the Landlord.",YELLOW,inspection_rights,Delhi,Rent Agreement,"Vaguer than a fixed notice period, but still framed around reasonableness."
"The Owner or the Owner's authorised representative may, upon giving twenty-four hours' prior notice to the Tenant, inspect the rented premises at reasonable times during the term of this Agreement.",GREEN,inspection_rights,Karnataka,Rental Agreement,Standard inspection right with advance notice and a reasonableness limit.
"The Owner may inspect the rented premises periodically to ascertain its condition, and the Tenant shall provide access for such inspection upon reasonable request by the Owner.",YELLOW,inspection_rights,Karnataka,Rental Agreement,"Vaguer than a fixed notice period, but still framed around reasonableness."
"The Lessor or the Lessor's authorised representative may, upon giving twenty-four hours' prior notice to the Lessee, inspect the demised premises at reasonable times during the term of this Agreement.",GREEN,inspection_rights,Tamil Nadu,Lease Deed,Standard inspection right with advance notice and a reasonableness limit.
"The Lessor may inspect the demised premises periodically to ascertain its condition, and the Lessee shall provide access for such inspection upon reasonable request by the Lessor.",YELLOW,inspection_rights,Tamil Nadu,Lease Deed,"Vaguer than a fixed notice period, but still framed around reasonableness."
"The Lessor or the Lessor's authorised representative may, upon giving twenty-four hours' prior notice to the Lessee, inspect the said property at reasonable times during the term of this Agreement.",GREEN,inspection_rights,West Bengal,Deed of Lease,Standard inspection right with advance notice and a reasonableness limit.
"The Lessor may inspect the said property periodically to ascertain its condition, and the Lessee shall provide access for such inspection upon reasonable request by the Lessor.",YELLOW,inspection_rights,West Bengal,Deed of Lease,"Vaguer than a fixed notice period, but still framed around reasonableness."
"The Landlord or the Landlord's representatives may enter and inspect the premises at any time of day or night, without any prior notice to the Tenant, and the Tenant shall have no right to refuse or restrict such entry under any circumstances.",RED,inspection_rights,Delhi,Rent Agreement,No-notice entry at any hour with no tenant right to refuse - obvious alarm-word phrasing.
"The Owner or the Owner's representatives may enter and inspect the rented premises at any time of day or night, without any prior notice to the Tenant, and the Tenant shall have no right to refuse or restrict such entry under any circumstances.",RED,inspection_rights,Karnataka,Rental Agreement,No-notice entry at any hour with no tenant right to refuse - obvious alarm-word phrasing.
"The Lessor or the Lessor's representatives may enter and inspect the demised premises at any time of day or night, without any prior notice to the Lessee, and the Lessee shall have no right to refuse or restrict such entry under any circumstances.",RED,inspection_rights,Tamil Nadu,Lease Deed,No-notice entry at any hour with no tenant right to refuse - obvious alarm-word phrasing.
"The Lessor shall retain a duplicate set of keys to the said property for the purpose of periodic inspection and shall not be required to intimate the Lessee prior to each such inspection, provided such visits are, in the Lessor's own assessment, reasonable in frequency.",RED,inspection_rights,West Bengal,Deed of Lease,"Landlord holding keys and self-certifying ""reasonableness"" quietly removes the tenant's notice and privacy protection while reading as a routine access arrangement."
"The Licensor shall retain a duplicate set of keys to the Licensed Premises for the purpose of periodic inspection and shall not be required to intimate the Licensee prior to each such inspection, provided such visits are, in the Licensor's own assessment, reasonable in frequency.",RED,inspection_rights,Maharashtra,Leave and License Agreement,"Landlord holding keys and self-certifying ""reasonableness"" quietly removes the tenant's notice and privacy protection while reading as a routine access arrangement."
The stamp duty and registration charges applicable to this Agreement in respect of the Licensed Premises shall be shared equally between the Licensor and the Licensee.,GREEN,registration_stamp_duty,Maharashtra,Leave and License Agreement,"An even, standard split of a joint statutory obligation."
"The stamp duty and registration charges for this Agreement in respect of the Licensed Premises shall be borne by the Licensee, and the Licensor shall cooperate in completing the registration formalities in a timely manner.",YELLOW,registration_stamp_duty,Maharashtra,Leave and License Agreement,"A common, one-sided but disclosed cost allocation with a cooperation duty on the landlord."
The stamp duty and registration charges applicable to this Agreement in respect of the premises shall be shared equally between the Landlord and the Tenant.,GREEN,registration_stamp_duty,Delhi,Rent Agreement,"An even, standard split of a joint statutory obligation."
"The stamp duty and registration charges for this Agreement in respect of the premises shall be borne by the Tenant, and the Landlord shall cooperate in completing the registration formalities in a timely manner.",YELLOW,registration_stamp_duty,Delhi,Rent Agreement,"A common, one-sided but disclosed cost allocation with a cooperation duty on the landlord."
The stamp duty and registration charges applicable to this Agreement in respect of the rented premises shall be shared equally between the Owner and the Tenant.,GREEN,registration_stamp_duty,Karnataka,Rental Agreement,"An even, standard split of a joint statutory obligation."
"The stamp duty and registration charges for this Agreement in respect of the rented premises shall be borne by the Tenant, and the Owner shall cooperate in completing the registration formalities in a timely manner.",YELLOW,registration_stamp_duty,Karnataka,Rental Agreement,"A common, one-sided but disclosed cost allocation with a cooperation duty on the landlord."
The stamp duty and registration charges applicable to this Agreement in respect of the demised premises shall be shared equally between the Lessor and the Lessee.,GREEN,registration_stamp_duty,Tamil Nadu,Lease Deed,"An even, standard split of a joint statutory obligation."
"The stamp duty and registration charges for this Agreement in respect of the demised premises shall be borne by the Lessee, and the Lessor shall cooperate in completing the registration formalities in a timely manner.",YELLOW,registration_stamp_duty,Tamil Nadu,Lease Deed,"A common, one-sided but disclosed cost allocation with a cooperation duty on the landlord."
The stamp duty and registration charges applicable to this Agreement in respect of the said property shall be shared equally between the Lessor and the Lessee.,GREEN,registration_stamp_duty,West Bengal,Deed of Lease,"An even, standard split of a joint statutory obligation."
"The stamp duty and registration charges for this Agreement in respect of the said property shall be borne by the Lessee, and the Lessor shall cooperate in completing the registration formalities in a timely manner.",YELLOW,registration_stamp_duty,West Bengal,Deed of Lease,"A common, one-sided but disclosed cost allocation with a cooperation duty on the landlord."
"All stamp duty, registration charges, and any penalty, fine, or interest arising from delayed or improper registration of this Agreement in respect of the rented premises, howsoever caused, shall be borne entirely by the Tenant, and the Owner shall bear no liability whatsoever in this regard, including where the delay is attributable to the Owner.",RED,registration_stamp_duty,Karnataka,Rental Agreement,"Shifts liability for the landlord's own delay onto the tenant, and says so explicitly - obvious alarm-word phrasing."
"All stamp duty, registration charges, and any penalty, fine, or interest arising from delayed or improper registration of this Agreement in respect of the demised premises, howsoever caused, shall be borne entirely by the Lessee, and the Lessor shall bear no liability whatsoever in this regard, including where the delay is attributable to the Lessor.",RED,registration_stamp_duty,Tamil Nadu,Lease Deed,"Shifts liability for the landlord's own delay onto the tenant, and says so explicitly - obvious alarm-word phrasing."
"All stamp duty, registration charges, and any penalty, fine, or interest arising from delayed or improper registration of this Agreement in respect of the said property, howsoever caused, shall be borne entirely by the Lessee, and the Lessor shall bear no liability whatsoever in this regard, including where the delay is attributable to the Lessor.",RED,registration_stamp_duty,West Bengal,Deed of Lease,"Shifts liability for the landlord's own delay onto the tenant, and says so explicitly - obvious alarm-word phrasing."
"The Licensee shall be responsible for effecting registration of this Agreement within the statutorily prescribed period, and any consequence of non-registration, including the Agreement's inadmissibility as evidence, shall be solely to the Licensee's account notwithstanding that the Licensor's execution or cooperation may not have been available within that period.",RED,registration_stamp_duty,Maharashtra,Leave and License Agreement,"Registration legally requires both parties, yet this shifts the entire downside of non-registration onto the tenant even when the landlord didn't cooperate - a real drafting trap with no dramatic wording."
"The Tenant shall be responsible for effecting registration of this Agreement within the statutorily prescribed period, and any consequence of non-registration, including the Agreement's inadmissibility as evidence, shall be solely to the Tenant's account notwithstanding that the Landlord's execution or cooperation may not have been available within that period.",RED,registration_stamp_duty,Delhi,Rent Agreement,"Registration legally requires both parties, yet this shifts the entire downside of non-registration onto the tenant even when the landlord didn't cooperate - a real drafting trap with no dramatic wording."
